{"data_time": 0.0034981609787791967, "eta_seconds": 36788.69339842815, "fast_rcnn/cls_accuracy": 0.0234375, "fast_rcnn/false_negative": 0.09126984126984126, "fast_rcnn/fg_cls_accuracy": 0.0, "iteration": 19, "loss_box_reg": 0.015487086493521929, "loss_cls": 2.532065510749817, "loss_mask": 0.6919922828674316, "loss_rpn_cls": 0.7183586359024048, "loss_rpn_loc": 0.09210678189992905, "lr": 1.9981e-05, "mask_rcnn/accuracy": 0.5553468008825152, "mask_rcnn/false_negative": 0.3567824849620881, "mask_rcnn/false_positive": 0.6251394912825592, "roi_head/num_bg_samples": 493.0, "roi_head/num_fg_samples": 19.0, "rpn/num_neg_anchors": 229.5, "rpn/num_pos_anchors": 26.5, "time": 0.40885411645285785, "total_loss": 4.064903103746474}
{"data_time": 0.0033990630181506276, "eta_seconds": 36876.15571435774, "fast_rcnn/cls_accuracy": 0.95703125, "fast_rcnn/false_negative": 1.0, "fast_rcnn/fg_cls_accuracy": 0.0, "iteration": 39, "loss_box_reg": 0.019418238662183285, "loss_cls": 0.6152127683162689, "loss_mask": 0.6350719630718231, "loss_rpn_cls": 0.6997897922992706, "loss_rpn_loc": 0.07744478061795235, "lr": 3.9961e-05, "mask_rcnn/accuracy": 0.7174027078363813, "mask_rcnn/false_negative": 0.0, "mask_rcnn/false_positive": 1.0, "roi_head/num_bg_samples": 492.0, "roi_head/num_fg_samples": 20.0, "rpn/num_neg_anchors": 231.0, "rpn/num_pos_anchors": 25.0, "time": 0.4130728824529797, "total_loss": 2.0462448950856924}
{"data_time": 0.003584647027309984, "eta_seconds": 37500.69661033689, "fast_rcnn/cls_accuracy": 0.95361328125, "fast_rcnn/false_negative": 1.0, "fast_rcnn/fg_cls_accuracy": 0.0, "iteration": 59, "loss_box_reg": 0.0498296283185482, "loss_cls": 0.2930184602737427, "loss_mask": 0.5709089636802673, "loss_rpn_cls": 0.6711083650588989, "loss_rpn_loc": 0.06795351579785347, "lr": 5.9941e-05, "mask_rcnn/accuracy": 0.693797330252856, "mask_rcnn/false_negative": 0.0, "mask_rcnn/false_positive": 1.0, "roi_head/num_bg_samples": 488.25, "roi_head/num_fg_samples": 23.75, "rpn/num_neg_anchors": 231.25, "rpn/num_pos_anchors": 24.75, "time": 0.42370147100882605, "total_loss": 1.646959513425827}
