{"fast_rcnn/cls_accuracy": 0.0126953125, "fast_rcnn/false_negative": 0.0, "fast_rcnn/fg_cls_accuracy": 0.016129032258064516, "iteration": 0, "mask_rcnn/accuracy": 0.4051184990125082, "mask_rcnn/false_negative": 0.7656429208614757, "mask_rcnn/false_positive": 0.28362369337979093, "roi_head/num_bg_samples": 481.0, "roi_head/num_fg_samples": 31.0, "rpn/num_neg_anchors": 229.0, "rpn/num_pos_anchors": 27.0}
